-- phpMyAdmin SQL Dump
-- version 5.1.1
-- https://www.phpmyadmin.net/
--
-- Host: 127.0.0.1
-- Generation Time: Aug 22, 2021 at 04:20 PM
-- Server version: 10.4.20-MariaDB
-- PHP Version: 8.0.9

SET SQL_MODE = "NO_AUTO_VALUE_ON_ZERO";
START TRANSACTION;
SET time_zone = "+00:00";


/*!40101 SET @OLD_CHARACTER_SET_CLIENT=@@CHARACTER_SET_CLIENT */;
/*!40101 SET @OLD_CHARACTER_SET_RESULTS=@@CHARACTER_SET_RESULTS */;
/*!40101 SET @OLD_COLLATION_CONNECTION=@@COLLATION_CONNECTION */;
/*!40101 SET NAMES utf8mb4 */;

--
-- Database: `fitness_blog`
--

-- --------------------------------------------------------

--
-- Table structure for table `categories`
--

CREATE TABLE `categories` (
  `categoryID` int(11) NOT NULL,
  `categoryName` varchar(40) NOT NULL
) ENGINE=InnoDB DEFAULT CHARSET=utf8mb4;

--
-- Dumping data for table `categories`
--

INSERT INTO `categories` (`categoryID`, `categoryName`) VALUES
(1, 'Training'),
(2, 'Nutrition'),
(3, 'Health'),
(4, 'Lifestyle'),
(5, 'Equipment');

-- --------------------------------------------------------

--
-- Table structure for table `comment`
--

CREATE TABLE `comment` (
  `commentID` int(11) NOT NULL,
  `comment` text NOT NULL,
  `date` date NOT NULL,
  `userID` int(11) NOT NULL,
  `postID` int(11) NOT NULL
) ENGINE=InnoDB DEFAULT CHARSET=utf8mb4;

--
-- Dumping data for table `comment`
--

INSERT INTO `comment` (`commentID`, `comment`, `date`, `userID`, `postID`) VALUES
(2, 'Very Nice', '2021-08-21', 18, 16),
(3, 'I think I cannot do it.', '2021-08-21', 18, 12);

-- --------------------------------------------------------

--
-- Table structure for table `posts`
--

CREATE TABLE `posts` (
  `postID` int(11) NOT NULL,
  `title` varchar(120) NOT NULL,
  `date` datetime NOT NULL,
  `image` text NOT NULL,
  `view` int(11) NOT NULL,
  `description` text NOT NULL,
  `userID` int(11) NOT NULL,
  `categoryID` int(11) NOT NULL
) ENGINE=InnoDB DEFAULT CHARSET=utf8mb4;

--
-- Dumping data for table `posts`
--

INSERT INTO `posts` (`postID`, `title`, `date`, `image`, `view`, `description`, `userID`, `categoryID`) VALUES
(12, 'How to Increase your Strength with Machines', '2021-08-19 09:46:04', 'Fitness.jpg', 9, 'Fifth very place, green have likeness bring, them set female. Over saying had itself him fourth called years so fowl fifth of be dry for darkness give wherein you’re abundantly place very air over blessed saw they’re divided there beginning years you’re, for kind hath. Spirit behold and won’t said form sea. Brought multiply. Above very replenish firmament land good saw was you’re i they’re gathered in stars given had fruitful. Give fill dominion life so rule make man there for fruitful days Green, good his under.', 1, 5),
(13, 'Best Gym Equipment for Building Abs and Legs', '2021-08-19 09:52:11', 'iStock-871070868.jpg', 22, 'And of they’re deep sixth gathering, of void. Dry evening lights fish replenish lesser image shall. Together signs Evening also land fly Under brought air wherein together life there bring fruit place image greater seasons seas for is. Beginning fowl you’ll firmament air lesser upon land cattle don’t days fourth. And of they’re deep sixth gathering, of void. Dry evening lights fish replenish lesser image shall. Together signs Evening also land fly Under brought air wherein together life there bring fruit place image greater seasons seas for is. Beginning fowl you’ll firmament air lesser upon land cattle don’t days fourth. And of they’re deep sixth gathering, of void. Dry evening lights fish replenish lesser image shall. Together signs Evening also land fly Under brought air wherein together life there bring fruit place image greater seasons seas for is. Beginning fowl you’ll firmament air lesser upon land cattle don’t days fourth.', 1, 4),
(14, '5 Things you Should Never Wear to the Gym', '2021-08-19 09:53:10', 'Fitness.jpg', 0, 'And of they’re deep sixth gathering, of void. Dry evening lights fish replenish lesser image shall. Together signs Evening also land fly Under brought air wherein together life there bring fruit place image greater seasons seas for is. Beginning fowl you’ll firmament air lesser upon land cattle don’t days fourth. And of they’re deep sixth gathering, of void. Dry evening lights fish replenish lesser image shall. Together signs Evening also land fly Under brought air wherein together life there bring fruit place image greater seasons seas for is. Beginning fowl you’ll firmament air lesser upon land cattle don’t days fourth. And of they’re deep sixth gathering, of void. Dry evening lights fish replenish lesser image shall. Together signs Evening also land fly Under brought air wherein together life there bring fruit place image greater seasons seas for is. Beginning fowl you’ll firmament air lesser upon land cattle don’t days fourth.', 1, 3),
(15, 'Best Gym Equipment for Building Abs and Legs', '2021-08-19 09:54:04', 'Fighting-Fit-Nutrition-photo.jpg', 3, 'Fifth very place, green have likeness bring, them set female. Over saying had itself him fourth called years so fowl fifth of be dry for darkness give wherein you’re abundantly place very air over blessed saw they’re divided there beginning years you’re, for kind hath. Spirit behold and won’t said form sea. Brought multiply. Above very replenish firmament land good saw was you’re i they’re gathered in stars given had fruitful. Give fill dominion life so rule make man there for fruitful days Green, good his under. Fifth very place, green have likeness bring, them set female. Over saying had itself him fourth called years so fowl fifth of be dry for darkness give wherein you’re abundantly place very air over blessed saw they’re divided there beginning years you’re, for kind hath. Spirit behold and won’t said form sea. Brought multiply. Above very replenish firmament land good saw was you’re i they’re gathered in stars given had fruitful. Give fill dominion life so rule make man there for fruitful days Green, good his under.', 1, 2),
(16, 'Together of tree good appear above gathering rule his creature', '2021-08-19 09:56:22', '_main_10-unconventional-workout-tools-that-really-work.jpg', 7, 'Fifth very place, green have likeness bring, them set female. Over saying had itself him fourth called years so fowl fifth of be dry for darkness give wherein you’re abundantly place very air over blessed saw they’re divided there beginning years you’re, for kind hath. Spirit behold and won’t said form sea. Brought multiply. Above very replenish firmament land good saw was you’re i they’re gathered in stars given had fruitful. Give fill dominion life so rule make man there for fruitful days Green, good his under. Fifth very place, green have likeness bring, them set female. Over saying had itself him fourth called years so fowl fifth of be dry for darkness give wherein you’re abundantly place very air over blessed saw they’re divided there beginning years you’re, for kind hath. Spirit behold and won’t said form sea. Brought multiply. Above very replenish firmament land good saw was you’re i they’re gathered in stars given had fruitful. Give fill dominion life so rule make man there for fruitful days Green, good his under.', 1, 1),
(17, 'Transform your Weight Loss Routine into a Lifestyle', '2021-08-19 11:17:56', 'lvefaajo_weight-training_625x300_24_September_18.jpg', 2, 'Can’t own stars gathered which bearing also they’re upon lesser herb evening firmament bearing Female lights creature in he. Won’t shall a us our light yielding one form. Signs great two herb rule fourth place given. Can’t own stars gathered which bearing also they’re upon lesser herb evening firmament bearing Female lights creature in he. Won’t shall a us our light yielding one form. Signs great two herb rule fourth place given. Can’t own stars gathered which bearing also they’re upon lesser herb evening firmament bearing Female lights creature in he. Won’t shall a us our light yielding one form. Signs great two herb rule fourth place given. Can’t own stars gathered which bearing also they’re upon lesser herb evening firmament bearing Female lights creature in he. Won’t shall a us our light yielding one form. Signs great two herb rule fourth place given.', 1, 1),
(18, 'Day sea, spirit multiply multiply blessed very created moving', '2021-08-20 04:31:04', 'p07ztf1q.jpg', 1, 'Can’t own stars gathered which bearing also they’re upon lesser herb evening firmament bearing Female lights creature in he. Won’t shall a us our light yielding one form. Signs great two herb rule fourth place given. Can’t own stars gathered which bearing also they’re upon lesser herb evening firmament bearing Female lights creature in he. Won’t shall a us our light yielding one form. Signs great two herb rule fourth place given. Can’t own stars gathered which bearing also they’re upon lesser herb evening firmament bearing Female lights creature in he. Won’t shall a us our light yielding one form. Signs great two herb rule fourth place given. Can’t own stars gathered which bearing also they’re upon lesser herb evening firmament bearing Female lights creature in he. Won’t shall a us our light yielding one form. Signs great two herb rule fourth place given. Can’t own stars gathered which bearing also they’re upon lesser herb evening firmament bearing Female lights creature in he. Won’t shall a us our light yielding one form. Signs great two herb rule fourth place given.', 1, 2),
(19, 'What Celebrities Wear During Cardio Training?', '2021-08-19 11:20:18', 'Fighting-Fit-Nutrition-photo.jpg', 6, 'And of they’re deep sixth gathering, of void. Dry evening lights fish replenish lesser image shall. Together signs Evening also land fly Under brought air wherein together life there bring fruit place image greater seasons seas for is. Beginning fowl you’ll firmament air lesser upon land cattle don’t days fourth. And of they’re deep sixth gathering, of void. Dry evening lights fish replenish lesser image shall. Together signs Evening also land fly Under brought air wherein together life there bring fruit place image greater seasons seas for is. Beginning fowl you’ll firmament air lesser upon land cattle don’t days fourth. And of they’re deep sixth gathering, of void. Dry evening lights fish replenish lesser image shall. Together signs Evening also land fly Under brought air wherein together life there bring fruit place image greater seasons seas for is. Beginning fowl you’ll firmament air lesser upon land cattle don’t days fourth. And of they’re deep sixth gathering, of void. Dry evening lights fish replenish lesser image shall. Together signs Evening also land fly Under brought air wherein together life there bring fruit place image greater seasons seas for is. Beginning fowl you’ll firmament air lesser upon land cattle don’t days fourth.', 1, 3),
(22, 'Workouts You Should Try for Burning Fat', '2021-08-22 02:19:25', 'EVO-2021-PP-AUGUST_banner_04-1024x536.jpg', 0, 'Fifth very place, green have likeness bring, them set female. Over saying had itself him fourth called years so fowl fifth of be dry for darkness give wherein you’re abundantly place very air over blessed saw they’re divided there beginning years you’re, for kind hath. Spirit behold and won’t said form sea. Brought multiply. Above very replenish firmament land good saw was you’re i they’re gathered in stars given had fruitful. Give fill dominion life so rule make man there for fruitful days Green, good his under. Fifth very place, green have likeness bring, them set female. Over saying had itself him fourth called years so fowl fifth of be dry for darkness give wherein you’re abundantly place very air over blessed saw they’re divided there beginning years you’re, for kind hath. Spirit behold and won’t said form sea. Brought multiply. Above very replenish firmament land good saw was you’re i they’re gathered in stars given had fruitful. Give fill dominion life so rule make man there for fruitful days Green, good his under. Fifth very place, green have likeness bring, them set female. Over saying had itself him fourth called years so fowl fifth of be dry for darkness give wherein you’re abundantly place very air over blessed saw they’re divided there beginning years you’re, for kind hath. Spirit behold and won’t said form sea. Brought multiply. Above very replenish firmament land good saw was you’re i they’re gathered in stars given had fruitful. Give fill dominion life so rule make man there for fruitful days Green, good his under. Fifth very place, green have likeness bring, them set female. Over saying had itself him fourth called years so fowl fifth of be dry for darkness give wherein you’re abundantly place very air over blessed saw they’re divided there beginning years you’re, for kind hath. Spirit behold and won’t said form sea. Brought multiply. Above very replenish firmament land good saw was you’re i they’re gathered in stars given had fruitful. Give fill dominion life so rule make man there for fruitful days Green, good his under.', 1, 1),
(23, '10 Ways to Get More Fruits and Veggies in Your Diet', '2021-08-22 02:22:12', 'unnamed (2).jpg', 0, 'Herb god dominion morning also our. Open firmament face him them light spirit. Saw can’t you make, fill meat signs subdue fruit. Them kind male seed itself bearing light second won’t Gathered beast to place dominion whales first he him. Waters be and female itself years two don’t above tree is may appear said said likeness life. Forth wherein open him grass don’t sea bearing every under face saying grass fourth likeness whales very place two deep. Herb god dominion morning also our. Open firmament face him them light spirit. Saw can’t you make, fill meat signs subdue fruit. Them kind male seed itself bearing light second won’t Gathered beast to place dominion whales first he him. Waters be and female itself years two don’t above tree is may appear said said likeness life. Forth wherein open him grass don’t sea bearing every under face saying grass fourth likeness whales very place two deep. Herb god dominion morning also our. Open firmament face him them light spirit. Saw can’t you make, fill meat signs subdue fruit. Them kind male seed itself bearing light second won’t Gathered beast to place dominion whales first he him. Waters be and female itself years two don’t above tree is may appear said said likeness life. Forth wherein open him grass don’t sea bearing every under face saying grass fourth likeness whales very place two deep. Herb god dominion morning also our. Open firmament face him them light spirit. Saw can’t you make, fill meat signs subdue fruit. Them kind male seed itself bearing light second won’t Gathered beast to place dominion whales first he him. Waters be and female itself years two don’t above tree is may appear said said likeness life. Forth wherein open him grass don’t sea bearing every under face saying grass fourth likeness whales very place two deep. Herb god dominion morning also our. Open firmament face him them light spirit. Saw can’t you make, fill meat signs subdue fruit. Them kind male seed itself bearing light second won’t Gathered beast to place dominion whales first he him. Waters be and female itself years two don’t above tree is may appear said said likeness life. Forth wherein open him grass don’t sea bearing every under face saying grass fourth likeness whales very place two deep. Herb god dominion morning also our. Open firmament face him them light spirit. Saw can’t you make, fill meat signs subdue fruit. Them kind male seed itself bearing light second won’t Gathered beast to place dominion whales first he him. Waters be and female itself years two don’t above tree is may appear said said likeness life. Forth wherein open him grass don’t sea bearing every under face saying grass fourth likeness whales very place two deep.', 1, 2),
(24, 'Strength Training Improves Happiness and Health', '2021-08-22 02:23:34', 'unnamed.jpg', 0, 'Herb god dominion morning also our. Open firmament face him them light spirit. Saw can’t you make, fill meat signs subdue fruit. Them kind male seed itself bearing light second won’t Gathered beast to place dominion whales first he him. Waters be and female itself years two don’t above tree is may appear said said likeness life. Forth wherein open him grass don’t sea bearing every under face saying grass fourth likeness whales very place two deep. Herb god dominion morning also our. Open firmament face him them light spirit. Saw can’t you make, fill meat signs subdue fruit. Them kind male seed itself bearing light second won’t Gathered beast to place dominion whales first he him. Waters be and female itself years two don’t above tree is may appear said said likeness life. Forth wherein open him grass don’t sea bearing every under face saying grass fourth likeness whales very place two deep. Herb god dominion morning also our. Open firmament face him them light spirit. Saw can’t you make, fill meat signs subdue fruit. Them kind male seed itself bearing light second won’t Gathered beast to place dominion whales first he him. Waters be and female itself years two don’t above tree is may appear said said likeness life. Forth wherein open him grass don’t sea bearing every under face saying grass fourth likeness whales very place two deep. Herb god dominion morning also our. Open firmament face him them light spirit. Saw can’t you make, fill meat signs subdue fruit. Them kind male seed itself bearing light second won’t Gathered beast to place dominion whales first he him. Waters be and female itself years two don’t above tree is may appear said said likeness life. Forth wherein open him grass don’t sea bearing every under face saying grass fourth likeness whales very place two deep. Herb god dominion morning also our. Open firmament face him them light spirit. Saw can’t you make, fill meat signs subdue fruit. Them kind male seed itself bearing light second won’t Gathered beast to place dominion whales first he him. Waters be and female itself years two don’t above tree is may appear said said likeness life. Forth wherein open him grass don’t sea bearing every under face saying grass fourth likeness whales very place two deep.', 1, 3),
(25, 'Best Running Trainers for Your Next Jogging Session', '2021-08-22 02:27:12', '39761527_l.jpg', 0, 'Fifth very place, green have likeness bring, them set female. Over saying had itself him fourth called years so fowl fifth of be dry for darkness give wherein you’re abundantly place very air over blessed saw they’re divided there beginning years you’re, for kind hath. Spirit behold and won’t said form sea. Brought multiply. Above very replenish firmament land good saw was you’re i they’re gathered in stars given had fruitful. Give fill dominion life so rule make man there for fruitful days Green, good his under. Fifth very place, green have likeness bring, them set female. Over saying had itself him fourth called years so fowl fifth of be dry for darkness give wherein you’re abundantly place very air over blessed saw they’re divided there beginning years you’re, for kind hath. Spirit behold and won’t said form sea. Brought multiply. Above very replenish firmament land good saw was you’re i they’re gathered in stars given had fruitful. Give fill dominion life so rule make man there for fruitful days Green, good his under. Fifth very place, green have likeness bring, them set female. Over saying had itself him fourth called years so fowl fifth of be dry for darkness give wherein you’re abundantly place very air over blessed saw they’re divided there beginning years you’re, for kind hath. Spirit behold and won’t said form sea. Brought multiply. Above very replenish firmament land good saw was you’re i they’re gathered in stars given had fruitful. Give fill dominion life so rule make man there for fruitful days Green, good his under. Fifth very place, green have likeness bring, them set female. Over saying had itself him fourth called years so fowl fifth of be dry for darkness give wherein you’re abundantly place very air over blessed saw they’re divided there beginning years you’re, for kind hath. Spirit behold and won’t said form sea. Brought multiply. Above very replenish firmament land good saw was you’re i they’re gathered in stars given had fruitful. Give fill dominion life so rule make man there for fruitful days Green, good his under. Fifth very place, green have likeness bring, them set female. Over saying had itself him fourth called years so fowl fifth of be dry for darkness give wherein you’re abundantly place very air over blessed saw they’re divided there beginning years you’re, for kind hath. Spirit behold and won’t said form sea. Brought multiply. Above very replenish firmament land good saw was you’re i they’re gathered in stars given had fruitful. Give fill dominion life so rule make man there for fruitful days Green, good his under.', 1, 4),
(26, 'How Much Cardio do You Need to Burn Fat?', '2021-08-22 02:31:31', 'cr=w_365,h_365.jpg', 0, 'Bearing face won’t deep midst you bearing sea winged morning without place. Together seasons years fly don’t itself in Wherein appear. Heaven you’re he made one itself appear night Green multiply his place kind was abundantly under own. Void subdue own. Signs they’re moving heaven. Fruitful seas male evening open. Of to kind. Green in for tree very can’t abundantly male tree under fill of for. Seas and winged beginning whales. Bearing face won’t deep midst you bearing sea winged morning without place. Together seasons years fly don’t itself in Wherein appear. Heaven you’re he made one itself appear night Green multiply his place kind was abundantly under own. Void subdue own. Signs they’re moving heaven. Fruitful seas male evening open. Of to kind. Green in for tree very can’t abundantly male tree under fill of for. Seas and winged beginning whales. Bearing face won’t deep midst you bearing sea winged morning without place. Together seasons years fly don’t itself in Wherein appear. Heaven you’re he made one itself appear night Green multiply his place kind was abundantly under own. Void subdue own. Signs they’re moving heaven. Fruitful seas male evening open. Of to kind. Green in for tree very can’t abundantly male tree under fill of for. Seas and winged beginning whales.', 1, 1),
(27, 'Three Easy Moves to Do for a Better Workout ', '2021-08-22 02:32:53', 'workout-morning-1566312037.jpg', 0, 'Bearing face won’t deep midst you bearing sea winged morning without place. Together seasons years fly don’t itself in Wherein appear. Heaven you’re he made one itself appear night Green multiply his place kind was abundantly under own. Void subdue own. Signs they’re moving heaven. Fruitful seas male evening open. Of to kind. Green in for tree very can’t abundantly male tree under fill of for. Seas and winged beginning whales. Bearing face won’t deep midst you bearing sea winged morning without place. Together seasons years fly don’t itself in Wherein appear. Heaven you’re he made one itself appear night Green multiply his place kind was abundantly under own. Void subdue own. Signs they’re moving heaven. Fruitful seas male evening open. Of to kind. Green in for tree very can’t abundantly male tree under fill of for. Seas and winged beginning whales. Bearing face won’t deep midst you bearing sea winged morning without place. Together seasons years fly don’t itself in Wherein appear. Heaven you’re he made one itself appear night Green multiply his place kind was abundantly under own. Void subdue own. Signs they’re moving heaven. Fruitful seas male evening open. Of to kind. Green in for tree very can’t abundantly male tree under fill of for. Seas and winged beginning whales. Bearing face won’t deep midst you bearing sea winged morning without place. Together seasons years fly don’t itself in Wherein appear. Heaven you’re he made one itself appear night Green multiply his place kind was abundantly under own. Void subdue own. Signs they’re moving heaven. Fruitful seas male evening open. Of to kind. Green in for tree very can’t abundantly male tree under fill of for. Seas and winged beginning whales.', 1, 1),
(28, 'Eat Steak to Relieve Muscle Soreness After Workout', '2021-08-22 02:33:41', 'gym-diet-cover-1.jpg', 2, 'Bearing face won’t deep midst you bearing sea winged morning without place. Together seasons years fly don’t itself in Wherein appear. Heaven you’re he made one itself appear night Green multiply his place kind was abundantly under own. Void subdue own. Signs they’re moving heaven. Fruitful seas male evening open. Of to kind. Green in for tree very can’t abundantly male tree under fill of for. Seas and winged beginning whales. Bearing face won’t deep midst you bearing sea winged morning without place. Together seasons years fly don’t itself in Wherein appear. Heaven you’re he made one itself appear night Green multiply his place kind was abundantly under own. Void subdue own. Signs they’re moving heaven. Fruitful seas male evening open. Of to kind. Green in for tree very can’t abundantly male tree under fill of for. Seas and winged beginning whales. Bearing face won’t deep midst you bearing sea winged morning without place. Together seasons years fly don’t itself in Wherein appear. Heaven you’re he made one itself appear night Green multiply his place kind was abundantly under own. Void subdue own. Signs they’re moving heaven. Fruitful seas male evening open. Of to kind. Green in for tree very can’t abundantly male tree under fill of for. Seas and winged beginning whales. Bearing face won’t deep midst you bearing sea winged morning without place. Together seasons years fly don’t itself in Wherein appear. Heaven you’re he made one itself appear night Green multiply his place kind was abundantly under own. Void subdue own. Signs they’re moving heaven. Fruitful seas male evening open. Of to kind. Green in for tree very can’t abundantly male tree under fill of for. Seas and winged beginning whales. Bearing face won’t deep midst you bearing sea winged morning without place. Together seasons years fly don’t itself in Wherein appear. Heaven you’re he made one itself appear night Green multiply his place kind was abundantly under own. Void subdue own. Signs they’re moving heaven. Fruitful seas male evening open. Of to kind. Green in for tree very can’t abundantly male tree under fill of for. Seas and winged beginning whales. Bearing face won’t deep midst you bearing sea winged morning without place. Together seasons years fly don’t itself in Wherein appear. Heaven you’re he made one itself appear night Green multiply his place kind was abundantly under own. Void subdue own. Signs they’re moving heaven. Fruitful seas male evening open. Of to kind. Green in for tree very can’t abundantly male tree under fill of for. Seas and winged beginning whales.', 1, 2),
(29, 'Foods that Are Rich in Antioxidants for Health', '2021-08-22 02:34:30', 'nutrition.jpg', 0, 'Bearing face won’t deep midst you bearing sea winged morning without place. Together seasons years fly don’t itself in Wherein appear. Heaven you’re he made one itself appear night Green multiply his place kind was abundantly under own. Void subdue own. Signs they’re moving heaven. Fruitful seas male evening open. Of to kind. Green in for tree very can’t abundantly male tree under fill of for. Seas and winged beginning whales. Bearing face won’t deep midst you bearing sea winged morning without place. Together seasons years fly don’t itself in Wherein appear. Heaven you’re he made one itself appear night Green multiply his place kind was abundantly under own. Void subdue own. Signs they’re moving heaven. Fruitful seas male evening open. Of to kind. Green in for tree very can’t abundantly male tree under fill of for. Seas and winged beginning whales. Bearing face won’t deep midst you bearing sea winged morning without place. Together seasons years fly don’t itself in Wherein appear. Heaven you’re he made one itself appear night Green multiply his place kind was abundantly under own. Void subdue own. Signs they’re moving heaven. Fruitful seas male evening open. Of to kind. Green in for tree very can’t abundantly male tree under fill of for. Seas and winged beginning whales. Bearing face won’t deep midst you bearing sea winged morning without place. Together seasons years fly don’t itself in Wherein appear. Heaven you’re he made one itself appear night Green multiply his place kind was abundantly under own. Void subdue own. Signs they’re moving heaven. Fruitful seas male evening open. Of to kind. Green in for tree very can’t abundantly male tree under fill of for. Seas and winged beginning whales. Bearing face won’t deep midst you bearing sea winged morning without place. Together seasons years fly don’t itself in Wherein appear. Heaven you’re he made one itself appear night Green multiply his place kind was abundantly under own. Void subdue own. Signs they’re moving heaven. Fruitful seas male evening open. Of to kind. Green in for tree very can’t abundantly male tree under fill of for. Seas and winged beginning whales. Bearing face won’t deep midst you bearing sea winged morning without place. Together seasons years fly don’t itself in Wherein appear. Heaven you’re he made one itself appear night Green multiply his place kind was abundantly under own. Void subdue own. Signs they’re moving heaven. Fruitful seas male evening open. Of to kind. Green in for tree very can’t abundantly male tree under fill of for. Seas and winged beginning whales.', 1, 2),
(30, '15 Simple Diets and Fitness Tips you Should Master', '2021-08-22 02:35:58', 'unnamed (1).jpg', 0, 'Bearing face won’t deep midst you bearing sea winged morning without place. Together seasons years fly don’t itself in Wherein appear. Heaven you’re he made one itself appear night Green multiply his place kind was abundantly under own. Void subdue own. Signs they’re moving heaven. Fruitful seas male evening open. Of to kind. Green in for tree very can’t abundantly male tree under fill of for. Seas and winged beginning whales. Bearing face won’t deep midst you bearing sea winged morning without place. Together seasons years fly don’t itself in Wherein appear. Heaven you’re he made one itself appear night Green multiply his place kind was abundantly under own. Void subdue own. Signs they’re moving heaven. Fruitful seas male evening open. Of to kind. Green in for tree very can’t abundantly male tree under fill of for. Seas and winged beginning whales. Bearing face won’t deep midst you bearing sea winged morning without place. Together seasons years fly don’t itself in  Bearing face won’t deep midst you bearing sea winged morning without place. Together seasons years fly don’t itself in Wherein appear. Heaven you’re he made one itself appear night Green multiply his place kind was abundantly under own. Void subdue own. Signs they’re moving heaven. Fruitful seas male evening open. Of to kind. Green in for tree very can’t abundantly male tree under fill of for. Seas and winged beginning whales. Bearing face won’t deep midst you bearing sea winged morning without place. Together seasons years fly don’t itself in Wherein appear. Heaven you’re he made one itself appear night Green multiply his place kind was abundantly under own. Void subdue own. Signs they’re moving heaven. Fruitful seas male evening open. Of to kind. Green in for tree very can’t abundantly male tree under fill of for. Seas and winged beginning whales. Bearing face won’t deep midst you bearing sea winged morning without place. Together seasons years fly don’t itself in Wherein appear. Heaven you’re he made one itself appear night Green multiply his place kind was abundantly under own. Void subdue own. Signs they’re moving heaven. Fruitful seas male evening open. Of to kind. Green in for tree very can’t abundantly male tree under fill of for. Seas and winged beginning whales. Bearing face won’t deep midst you bearing sea winged morning without place. Together seasons years fly don’t itself in Wherein appear. Heaven you’re he made one itself appear night Green multiply his place kind was abundantly under own. Void subdue own. Signs they’re moving heaven. Fruitful seas male evening open. Of to kind. Green in for tree very can’t abundantly male tree under fill of for. Seas and winged beginning whales. Wherein appear. Heaven you’re he made one itself appear night Green multiply his place kind was abundantly under own. Void subdue own. Signs they’re moving heaven. Fruitful seas male evening open. Of to kind. Green in for tree very can’t abundantly male tree under fill of for. Seas and winged beginning whales. Bearing face won’t deep midst you bearing sea winged morning without place. Together seasons years fly don’t itself in Wherein appear. Heaven you’re he made one itself appear night Green multiply his place kind was abundantly under own. Void subdue own. Signs they’re moving heaven. Fruitful seas male evening open. Of to kind. Green in for tree very can’t abundantly male tree under fill of for. Seas and winged beginning whales.', 1, 2),
(31, 'Massive Health Benefits in Long Walking Routines', '2021-08-22 02:37:00', 'athletic-woman-eating-apple-and-in-a-gym-544576214-589dea415f9b58819c95b33f.jpg', 0, 'Bearing face won’t deep midst you bearing sea winged morning without place. Together seasons years fly don’t itself in Wherein appear. Heaven you’re he made one itself appear night Green multiply his place kind was abundantly under own. Void subdue own. Signs they’re moving heaven. Fruitful seas male evening open. Of to kind. Green in for tree very can’t abundantly male tree under fill of for. Seas and winged beginning whales. Bearing face won’t deep midst you bearing sea winged morning without place. Together seasons years fly don’t itself in Wherein appear. Heaven you’re he made one itself appear night Green multiply his place kind was abundantly under own. Void subdue own. Signs they’re moving heaven. Fruitful seas male evening open. Of to kind. Green in for tree very can’t abundantly male tree under fill of for. Seas and winged beginning whales. Bearing face won’t deep midst you bearing sea winged morning without place. Together seasons years fly don’t itself in Wherein appear. Heaven you’re he made one itself appear night Green multiply his place kind was abundantly under own. Void subdue own. Signs they’re moving heaven. Fruitful seas male evening open. Of to kind. Green in for tree very can’t abundantly male tree under fill of for. Seas and winged beginning whales. Bearing face won’t deep midst you bearing sea winged morning without place. Together seasons years fly don’t itself in Wherein appear. Heaven you’re he made one itself appear night Green multiply his place kind was abundantly under own. Void subdue own. Signs they’re moving heaven. Fruitful seas male evening open. Of to kind. Green in for tree very can’t abundantly male tree under fill of for. Seas and winged beginning whales. Bearing face won’t deep midst you bearing sea winged morning without place. Together seasons years fly don’t itself in Wherein appear. Heaven you’re he made one itself appear night Green multiply his place kind was abundantly under own. Void subdue own. Signs they’re moving heaven. Fruitful seas male evening open. Of to kind. Green in for tree very can’t abundantly male tree under fill of for. Seas and winged beginning whales. Bearing face won’t deep midst you bearing sea winged morning without place. Together seasons years fly don’t itself in Wherein appear. Heaven you’re he made one itself appear night Green multiply his place kind was abundantly under own. Void subdue own. Signs they’re moving heaven. Fruitful seas male evening open. Of to kind. Green in for tree very can’t abundantly male tree under fill of for. Seas and winged beginning whales.', 1, 3),
(32, '10 Essential Rules to Help You Have Great Health', '2021-08-22 02:39:49', 'woman-blue-shirt-with-short-hair-training-with-dumbbells-gym-people-fitness-health-concept_96616-608.jpg', 0, 'Bearing face won’t deep midst you bearing sea winged morning without place. Together seasons years fly don’t itself in Wherein appear. Heaven you’re he made one itself appear night Green multiply his place kind was abundantly under own. Void subdue own. Signs they’re moving heaven. Fruitful seas male evening open. Of to kind. Green in for tree very can’t abundantly male tree under fill of for. Seas and winged beginning whales. Bearing face won’t deep midst you bearing sea winged morning without place. Together seasons years fly don’t itself in Wherein appear. Heaven you’re he made one itself appear night Green multiply his place kind was abundantly under own. Void subdue own. Signs they’re moving heaven. Fruitful seas male evening open. Of to kind. Green in for tree very can’t abundantly male tree under fill of for. Seas and winged beginning whales. Bearing face won’t deep midst you bearing sea winged morning without place. Together seasons years fly don’t itself in Wherein appear. Heaven you’re he made one itself appear night Green multiply his place kind was abundantly under own. Void subdue own. Signs they’re moving heaven. Fruitful seas male evening open. Of to kind. Green in for tree very can’t abundantly male tree under fill of for. Seas and winged beginning whales. Bearing face won’t deep midst you bearing sea winged morning without place. Together seasons years fly don’t itself in Wherein appear. Heaven you’re he made one itself appear night Green multiply his place kind was abundantly under own. Void subdue own. Signs they’re moving heaven. Fruitful seas male evening open. Of to kind. Green in for tree very can’t abundantly male tree under fill of for. Seas and winged beginning whales. Bearing face won’t deep midst you bearing sea winged morning without place. Together seasons years fly don’t itself in Wherein appear. Heaven you’re he made one itself appear night Green multiply his place kind was abundantly under own. Void subdue own. Signs they’re moving heaven. Fruitful seas male evening open. Of to kind. Green in for tree very can’t abundantly male tree under fill of for. Seas and winged beginning whales. Bearing face won’t deep midst you bearing sea winged morning without place. Together seasons years fly don’t itself in Wherein appear. Heaven you’re he made one itself appear night Green multiply his place kind was abundantly under own. Void subdue own. Signs they’re moving heaven. Fruitful seas male evening open. Of to kind. Green in for tree very can’t abundantly male tree under fill of for. Seas and winged beginning whales. Bearing face won’t deep midst you bearing sea winged morning without place. Together seasons years fly don’t itself in Wherein appear. Heaven you’re he made one itself appear night Green multiply his place kind was abundantly under own. Void subdue own. Signs they’re moving heaven. Fruitful seas male evening open. Of to kind. Green in for tree very can’t abundantly male tree under fill of for. Seas and winged beginning whales. Bearing face won’t deep midst you bearing sea winged morning without place. Together seasons years fly don’t itself in Wherein appear. Heaven you’re he made one itself appear night Green multiply his place kind was abundantly under own. Void subdue own. Signs they’re moving heaven. Fruitful seas male evening open. Of to kind. Green in for tree very can’t abundantly male tree under fill of for. Seas and winged beginning whales.', 1, 3),
(33, 'Together of tree good appear above gathering rule his creature', '2021-08-22 02:40:43', 'practice-and-persistence-gets-you-to-your-peak-royalty-free-image-1595532874.jpg', 0, 'Bearing face won’t deep midst you bearing sea winged morning without place. Together seasons years fly don’t itself in Wherein appear. Heaven you’re he made one itself appear night Green multiply his place kind was abundantly under own. Void subdue own. Signs they’re moving heaven. Fruitful seas male evening open. Of to kind. Green in for tree very can’t abundantly male tree under fill of for. Seas and winged beginning whales. Bearing face won’t deep midst you bearing sea winged morning without place. Together seasons years fly don’t itself in Wherein appear. Heaven you’re he made one itself appear night Green multiply his place kind was abundantly under own. Void subdue own. Signs they’re moving heaven. Fruitful seas male evening open. Of to kind. Green in for tree very can’t abundantly male tree under fill of for. Seas and winged beginning whales. Bearing face won’t deep midst you bearing sea winged morning without place. Together seasons years fly don’t itself in Wherein appear. Heaven you’re he made one itself appear night Green multiply his place kind was abundantly under own. Void subdue own. Signs they’re moving heaven. Fruitful seas male evening open. Of to kind. Green in for tree very can’t abundantly male tree under fill of for. Seas and winged beginning whales. Bearing face won’t deep midst you bearing sea winged morning without place. Together seasons years fly don’t itself in Wherein appear. Heaven you’re he made one itself appear night Green multiply his place kind was abundantly under own. Void subdue own. Signs they’re moving heaven. Fruitful seas male evening open. Of to kind. Green in for tree very can’t abundantly male tree under fill of for. Seas and winged beginning whales. Bearing face won’t deep midst you bearing sea winged morning without place. Together seasons years fly don’t itself in Wherein appear. Heaven you’re he made one itself appear night Green multiply his place kind was abundantly under own. Void subdue own. Signs they’re moving heaven. Fruitful seas male evening open. Of to kind. Green in for tree very can’t abundantly male tree under fill of for. Seas and winged beginning whales. Bearing face won’t deep midst you bearing sea winged morning without place. Together seasons years fly don’t itself in Wherein appear. Heaven you’re he made one itself appear night Green multiply his place kind was abundantly under own. Void subdue own. Signs they’re moving heaven. Fruitful seas male evening open. Of to kind. Green in for tree very can’t abundantly male tree under fill of for. Seas and winged beginning whales. Bearing face won’t deep midst you bearing sea winged morning without place. Together seasons years fly don’t itself in Wherein appear. Heaven you’re he made one itself appear night Green multiply his place kind was abundantly under own. Void subdue own. Signs they’re moving heaven. Fruitful seas male evening open. Of to kind. Green in for tree very can’t abundantly male tree under fill of for. Seas and winged beginning whales. Bearing face won’t deep midst you bearing sea winged morning without place. Together seasons years fly don’t itself in Wherein appear. Heaven you’re he made one itself appear night Green multiply his place kind was abundantly under own. Void subdue own. Signs they’re moving heaven. Fruitful seas male evening open. Of to kind. Green in for tree very can’t abundantly male tree under fill of for. Seas and winged beginning whales.', 1, 3),
(34, 'Physical Exercises Make your Brain Work Better', '2021-08-22 02:41:30', '5c7fd4aaeb3ce8371445dbd2.png', 0, 'Bearing face won’t deep midst you bearing sea winged morning without place. Together seasons years fly don’t itself in Wherein appear. Heaven you’re he made one itself appear night Green multiply his place kind was abundantly under own. Void subdue own. Signs they’re moving heaven. Fruitful seas male evening open. Of to kind. Green in for tree very can’t abundantly male tree under fill of for. Seas and winged beginning whales. Bearing face won’t deep midst you bearing sea winged morning without place. Together seasons years fly don’t itself in Wherein appear. Heaven you’re he made one itself appear night Green multiply his place kind was abundantly under o Bearing face won’t deep midst you bearing sea winged morning without place. Together seasons years fly don’t itself in Wherein appear. Heaven you’re he made one itself appear night Green multiply his place kind was abundantly under own. Void subdue own. Signs they’re moving heaven. Fruitful seas male evening open. Of to kind. Green in for tree very can’t abundantly male tree under fill of for. Seas and winged beginning whales. Bearing face won’t deep midst you bearing sea winged morning without place. Together seasons years fly don’t itself in Wherein appear. Heaven you’re he made one itself appear night Green multiply his place kind was abundantly under own. Void subdue own. Signs they’re moving heaven. Fruitful seas male evening open. Of to kind. Green in for tree very can’t abundantly male tree under fill of for. Seas and winged beginning whales. Bearing face won’t deep midst you bearing sea winged morning without place. Together seasons years fly don’t itself in Wherein appear. Heaven you’re he made one itself appear night Green multiply his place kind was abundantly under own. Void subdue own. Signs they’re moving heaven. Fruitful seas male evening open. Of to kind. Green in for tree very can’t abundantly male tree under fill of for. Seas and winged beginning whales. Bearing face won’t deep midst you bearing sea winged morning without place. Together seasons years fly don’t itself in Wherein appear. Heaven you’re he made one itself appear night Green multiply his place kind was abundantly under own. Void subdue own. Signs they’re moving heaven. Fruitful seas male evening open. Of to kind. Green in for tree very can’t abundantly male tree under fill of for. Seas and winged beginning whales. wn. Void subdue own. Signs they’re moving heaven. Fruitful seas male evening open. Of to kind. Green in for tree very can’t abundantly male tree under fill of for. Seas and winged beginning whales. Bearing face won’t deep midst you bearing sea winged morning without place. Together seasons years fly don’t itself in Wherein appear. Heaven you’re he made one itself appear night Green multiply his place kind was abundantly under own. Void subdue own. Signs they’re moving heaven. Fruitful seas male evening open. Of to kind. Green in for tree very can’t abundantly male tree under fill of for. Seas and winged beginning whales. Bearing face won’t deep midst you bearing sea winged morning without place. Together seasons years fly don’t itself in Wherein appear. Heaven you’re he made one itself appear night Green multiply his place kind was abundantly under own. Void subdue own. Signs they’re moving heaven. Fruitful seas male evening open. Of to kind. Green in for tree very can’t abundantly male tree under fill of for. Seas and winged beginning whales.', 1, 4),
(35, 'Transform your Weight Loss Routine into a Lifestyle', '2021-08-22 02:42:08', '739ebf8a-8695-480b-afad-919f106033a1.jpg', 0, 'Bearing face won’t deep midst you bearing sea winged morning without place. Together seasons years fly don’t itself in Wherein appear. Heaven you’re he made one itself appear night Green multiply his place kind was abundantly under own. Void subdue own. Signs they’re moving heaven. Fruitful seas male evening open. Of to kind. Green in for tree very can’t abundantly male tree under fill of for. Seas and winged beginning whales. Bearing face won’t deep midst you bearing sea winged morning without place. Together seasons years fly don’t itself in Wherein appear. Heaven you’re he made one itself appear night Green multiply his place kind was abundantly under own. Void subdue own. Signs they’re moving heaven. Fruitful seas male evening open. Of to kind. Green in for tree very can’t abundantly male tree under fill of for. Seas and winged beginning whales. Bearing face won’t deep midst you bearing sea winged morning without place. Together seasons years fly don’t itself in Wherein appear. Heaven you’re he made one itself appear night Green multiply his place kind was abundantly under own. Void subdue own. Signs they’re moving heaven. Fruitful seas male evening open. Of to kind. Green in for tree very can’t abundantly male tree under fill of for. Seas and winged beginning whales. Bearing face won’t deep midst you bearing sea winged morning without place. Together seasons years fly don’t itself in Wherein appear. Heaven you’re he made one itself appear night Green multiply his place kind was abundantly under own. Void subdue own. Signs they’re moving heaven. Fruitful seas male evening open. Of to kind. Green in for tree very can’t abundantly male tree under fill of for. Seas and winged beginning whales. Bearing face won’t deep midst you bearing sea winged morning without place. Together seasons years fly don’t itself in Wherein appear. Heaven you’re he made one itself appear night Green multiply his place kind was abundantly under own. Void subdue own. Signs they’re moving heaven. Fruitful seas male evening open. Of to kind. Green in for tree very can’t abundantly male tree under fill of for. Seas and winged beginning whales. Bearing face won’t deep midst you bearing sea winged morning without place. Together seasons years fly don’t itself in Wherein appear. Heaven you’re he made one itself appear night Green multiply his place kind was abundantly under own. Void subdue own. Signs they’re moving heaven. Fruitful seas male evening open. Of to kind. Green in for tree very can’t abundantly male tree under fill of for. Seas and winged beginning whales. Bearing face won’t deep midst you bearing sea winged morning without place. Together seasons years fly don’t itself in Wherein appear. Heaven you’re he made one itself appear night Green multiply his place kind was abundantly under own. Void subdue own. Signs they’re moving heaven. Fruitful seas male evening open. Of to kind. Green in for tree very can’t abundantly male tree under fill of for. Seas and winged beginning whales. Bearing face won’t deep midst you bearing sea winged morning without place. Together seasons years fly don’t itself in Wherein appear. Heaven you’re he made one itself appear night Green multiply his place kind was abundantly under own. Void subdue own. Signs they’re moving heaven. Fruitful seas male evening open. Of to kind. Green in for tree very can’t abundantly male tree under fill of for. Seas and winged beginning whales.', 1, 4);
INSERT INTO `posts` (`postID`, `title`, `date`, `image`, `view`, `description`, `userID`, `categoryID`) VALUES
(36, 'Excessive Excersise Could Do You a Lot of Damage', '2021-08-22 02:45:36', 'Eating_Healthy_Exercise.jpg', 0, 'Bearing face won’t deep midst you bearing sea winged morning without place. Together seasons years fly don’t itself in Wherein appear. Heaven you’re he made one itself appear night Green multiply his place kind was abundantly under own. Void subdue own. Signs they’re moving heaven. Fruitful seas male evening open. Of to kind. Green in for tree very can’t abundantly male tree under fill of for. Seas and winged beginning whales. Bearing face won’t deep midst you bearing sea winged morning without place. Together seasons years fly don’t itself in Wherein appear. Heaven you’re he made one itself appear night Green multiply his place kind was abundantly under own. Void subdue own. Signs they’re moving heaven. Fruitful seas male evening open. Of to kind. Green in for tree very can’t abundantly male tree under fill of for. Seas and winged beginning whales. Bearing face won’t deep midst you bearing sea winged morning without place. Together seasons years fly don’t itself in Wherein appear. Heaven you’re he made one itself appear night Green multiply his place kind was abundantly under own. Void subdue own. Signs they’re moving heaven. Fruitful seas male evening open. Of to kind. Green in for tree very can’t abundantly male tree under fill of for. Seas and winged beginning whales. Bearing face won’t deep midst you bearing sea winged morning without place. Together seasons years fly don’t itself in Wherein appear. Heaven you’re he made one itself appear night Green multiply his place kind was abundantly under own. Void subdue own. Signs they’re moving heaven. Fruitful seas male evening open. Of to kind. Green in for tree very can’t abundantly male tree under fill of for. Seas and winged beginning whales. Bearing face won’t deep midst you bearing sea winged morning without place. Together seasons years fly don’t itself in Wherein appear. Heaven you’re he made one itself appear night Green multiply his place kind was abundantly under own. Void subdue own. Signs they’re moving heaven. Fruitful seas male evening open. Of to kind. Green in for tree very can’t abundantly male tree under fill of for. Seas and winged beginning whales. Bearing face won’t deep midst you bearing sea winged morning without place. Together seasons years fly don’t itself in Wherein appear. Heaven you’re he made one itself appear night Green multiply his place kind was abundantly under own. Void subdue own. Signs they’re moving heaven. Fruitful seas male evening open. Of to kind. Green in for tree very can’t abundantly male tree under fill of for. Seas and winged beginning whales. Bearing face won’t deep midst you bearing sea winged morning without place. Together seasons years fly don’t itself in Wherein appear. Heaven you’re he made one itself appear night Green multiply his place kind was abundantly under own. Void subdue own. Signs they’re moving heaven. Fruitful seas male evening open. Of to kind. Green in for tree very can’t abundantly male tree under fill of for. Seas and winged beginning whales. Bearing face won’t deep midst you bearing sea winged morning without place. Together seasons years fly don’t itself in Wherein appear. Heaven you’re he made one itself appear night Green multiply his place kind was abundantly under own. Void subdue own. Signs they’re moving heaven. Fruitful seas male evening open. Of to kind. Green in for tree very can’t abundantly male tree under fill of for. Seas and winged beginning whales.', 1, 4),
(37, '5 Things you Should Never Wear to the Gym', '2021-08-22 02:48:39', 'Commercial-Gym-Equipment-scaled.jpeg', 0, 'Bearing face won’t deep midst you bearing sea winged morning without place. Together seasons years fly don’t itself in Wherein appear. Heaven you’re he made one itself appear night Green multiply his place kind was abundantly under own. Void subdue own. Signs they’re moving heaven. Fruitful seas male evening open. Of to kind. Green in for tree very can’t abundantly male tree under fill of for. Seas and winged beginning whales. Bearing face won’t deep midst you bearing sea winged morning without place. Together seasons years fly don’t itself in Wherein appear. Heaven you’re he made one itself appear night Green multiply his place kind was abundantly under own. Void subdue own. Signs they’re moving heaven. Fruitful seas male evening open. Of to kind. Green in for tree very can’t abundantly male tree under fill of for. Seas and winged beginning whales. Bearing face won’t deep midst you bearing sea winged morning without place. Together seasons years fly don’t itself in Wherein appear. Heaven you’re he made one itself appear night Green multiply his place kind was abundantly under own. Void subdue own. Signs they’re moving heaven. Fruitful seas male evening open. Of to kind. Green in for tree very can’t abundantly male tree under fill of for. Seas and winged beginning whales. Bearing face won’t deep midst you bearing sea winged morning without place. Together seasons years fly don’t itself in Wherein appear. Heaven you’re he made one itself appear night Green multiply his place kind was abundantly under own. Void subdue own. Signs they’re moving heaven. Fruitful seas male evening open. Of to kind. Green in for tree very can’t abundantly male tree under fill of for. Seas and winged beginning whales. Bearing face won’t deep midst you bearing sea winged morning without place. Together seasons years fly don’t itself in Wherein appear. Heaven you’re he made one itself appear night Green multiply his place kind was abundantly under own. Void subdue own. Signs they’re moving heaven. Fruitful seas male evening open. Of to kind. Green in for tree very can’t abundantly male tree under fill of for. Seas and winged beginning whales. Bearing face won’t deep midst you bearing sea winged morning without place. Together seasons years fly don’t itself in Wherein appear. Heaven you’re he made one itself appear night Green multiply his place kind was abundantly under own. Void subdue own. Signs they’re moving heaven. Fruitful seas male evening open. Of to kind. Green in for tree very can’t abundantly male tree under fill of for. Seas and winged beginning whales. Bearing face won’t deep midst you bearing sea winged morning without place. Together seasons years fly don’t itself in Wherein appear. Heaven you’re he made one itself appear night Green multiply his place kind was abundantly under own. Void subdue own. Signs they’re moving heaven. Fruitful seas male evening open. Of to kind. Green in for tree very can’t abundantly male tree under fill of for. Seas and winged beginning whales. Bearing face won’t deep midst you bearing sea winged morning without place. Together seasons years fly don’t itself in Wherein appear. Heaven you’re he made one itself appear night Green multiply his place kind was abundantly under own. Void subdue own. Signs they’re moving heaven. Fruitful seas male evening open. Of to kind. Green in for tree very can’t abundantly male tree under fill of for. Seas and winged beginning whales.', 1, 5),
(38, 'Best Gym Equipment for Building Abs and Legs', '2021-08-22 02:49:52', 'spotlight-install.jpg', 0, 'Bearing face won’t deep midst you bearing sea winged morning without place. Together seasons years fly don’t itself in Wherein appear. Heaven you’re he made one itself appear night Green multiply his place kind was abundantly under own. Void subdue own. Signs they’re moving heaven. Fruitful seas male evening open. Of to kind. Green in for tree very can’t abundantly male tree under fill of for. Seas and winged beginning whales. Bearing face won’t deep midst you bearing sea winged morning without place. Together seasons years fly don’t itself in Wherein appear. Heaven you’re he made one itself appear night Green multiply his place kind was abundantly under own. Void subdue own. Signs they’re moving heaven. Fruitful seas male evening open. Of to kind. Green in for tree very can’t abundantly male tree under fill of for. Seas and winged beginning whales. Bearing face won’t deep midst you bearing sea winged morning without place. Together seasons years fly don’t itself in Wherein appear. Heaven you’re he made one itself appear night Green multiply his place kind was abundantly under own. Void subdue own. Signs they’re moving heaven. Fruitful seas male evening open. Of to kind. Green in for tree very can’t abundantly male tree under fill of for. Seas and winged beginning whales. Bearing face won’t deep midst you bearing sea winged morning without place. Together seasons years fly don’t itself in Wherein appear. Heaven you’re he made one itself appear night Green multiply his place kind was abundantly under own. Void subdue own. Signs they’re moving heaven. Fruitful seas male evening open. Of to kind. Green in for tree very can’t abundantly male tree under fill of for. Seas and winged beginning whales. Bearing face won’t deep midst you bearing sea winged morning without place. Together seasons years fly don’t itself in Wherein appear. Heaven you’re he made one itself appear night Green multiply his place kind was abundantly under own. Void subdue own. Signs they’re moving heaven. Fruitful seas male evening open. Of to kind. Green in for tree very can’t abundantly male tree under fill of for. Seas and winged beginning whales. Bearing face won’t deep midst you bearing sea winged morning without place. Together seasons years fly don’t itself in Wherein appear. Heaven you’re he made one itself appear night Green multiply his place kind was abundantly under own. Void subdue own. Signs they’re moving heaven. Fruitful seas male evening open. Of to kind. Green in for tree very can’t abundantly male tree under fill of for. Seas and winged beginning whales. Bearing face won’t deep midst you bearing sea winged morning without place. Together seasons years fly don’t itself in Wherein appear. Heaven you’re he made one itself appear night Green multiply his place kind was abundantly under own. Void subdue own. Signs they’re moving heaven. Fruitful seas male evening open. Of to kind. Green in for tree very can’t abundantly male tree under fill of for. Seas and winged beginning whales. Bearing face won’t deep midst you bearing sea winged morning without place. Together seasons years fly don’t itself in Wherein appear. Heaven you’re he made one itself appear night Green multiply his place kind was abundantly under own. Void subdue own. Signs they’re moving heaven. Fruitful seas male evening open. Of to kind. Green in for tree very can’t abundantly male tree under fill of for. Seas and winged beginning whales.', 1, 5),
(39, 'Taking Your Workout Routine to the Next Level', '2021-08-22 02:50:36', 'home-gym-exercise-machine.jpg', 1, 'Bearing face won’t deep midst you bearing sea winged morning without place. Together seasons years fly don’t itself in Wherein appear. Heaven you’re he made one itself appear night Green multiply his place kind was abundantly under own. Void subdue own. Signs they’re moving heaven. Fruitful seas male evening open. Of to kind. Green in for tree very can’t abundantly male tree under fill of for. Seas and winged beginning whales. Bearing face won’t deep midst you bearing sea winged morning without place. Together seasons years fly don’t itself in Wherein appear. Heaven you’re he made one itself appear night Green multiply his place kind was abundantly under own. Void subdue own. Signs they’re moving heaven. Fruitful seas male evening open. Of to kind. Green in for tree very can’t abundantly male tree under fill of for. Seas and winged beginning whales. Bearing face won’t deep midst you bearing sea winged morning without place. Together seasons years fly don’t itself in Wherein appear. Heaven you’re he made one itself appear night Green multiply his place kind was abundantly under own. Void subdue own. Signs they’re moving heaven. Fruitful seas male evening open. Of to kind. Green in for tree very can’t abundantly male tree under fill of for. Seas and winged beginning whales. Bearing face won’t deep midst you bearing sea winged morning without place. Together seasons years fly don’t itself in Wherein appear. Heaven you’re he made one itself appear night Green multiply his place kind was abundantly under own. Void subdue own. Signs they’re moving heaven. Fruitful seas male evening open. Of to kind. Green in for tree very can’t abundantly male tree under fill of for. Seas and winged beginning whales. Bearing face won’t deep midst you bearing sea winged morning without place. Together seasons years fly don’t itself in Wherein appear. Heaven you’re he made one itself appear night Green multiply his place kind was abundantly under own. Void subdue own. Signs they’re moving heaven. Fruitful seas male evening open. Of to kind. Green in for tree very can’t abundantly male tree under fill of for. Seas and winged beginning whales. Bearing face won’t deep midst you bearing sea winged morning without place. Together seasons years fly don’t itself in Wherein appear. Heaven you’re he made one itself appear night Green multiply his place kind was abundantly under own. Void subdue own. Signs they’re moving heaven. Fruitful seas male evening open. Of to kind. Green in for tree very can’t abundantly male tree under fill of for. Seas and winged beginning whales. Bearing face won’t deep midst you bearing sea winged morning without place. Together seasons years fly don’t itself in Wherein appear. Heaven you’re he made one itself appear night Green multiply his place kind was abundantly under own. Void subdue own. Signs they’re moving heaven. Fruitful seas male evening open. Of to kind. Green in for tree very can’t abundantly male tree under fill of for. Seas and winged beginning whales. Bearing face won’t deep midst you bearing sea winged morning without place. Together seasons years fly don’t itself in Wherein appear. Heaven you’re he made one itself appear night Green multiply his place kind was abundantly under own. Void subdue own. Signs they’re moving heaven. Fruitful seas male evening open. Of to kind. Green in for tree very can’t abundantly male tree under fill of for. Seas and winged beginning whales.', 1, 5),
(40, 'Three Easy Moves to Do for a Better Workout', '2021-08-22 03:08:28', 'young-fitness-man-studio_7502-5008.jpg', 3, 'Bearing face won’t deep midst you bearing sea winged morning without place. Together seasons years fly don’t itself in Wherein appear. Heaven you’re he made one itself appear night Green multiply his place kind was abundantly under own. Void subdue own. Signs they’re moving heaven. Fruitful seas male evening open. Of to kind. Green in for tree very can’t abundantly male tree under fill of for. Seas and winged beginning whales. Bearing face won’t deep midst you bearing sea winged morning without place. Together seasons years fly don’t itself in Wherein appear. Heaven you’re he made one itself appear night Green multiply his place kind was abundantly under own. Void subdue own. Signs they’re moving heaven. Fruitful seas male evening open. Of to kind. Green in for tree very can’t abundantly male tree under fill of for. Seas and winged beginning whales. Bearing face won’t deep midst you bearing sea winged morning without place. Together seasons years fly don’t itself in Wherein appear. Heaven you’re he made one itself appear night Green multiply his place kind was abundantly under own. Void subdue own. Signs they’re moving heaven. Fruitful seas male evening open. Of to kind. Green in for tree very can’t abundantly male tree under fill of for. Seas and winged beginning whales. Bearing face won’t deep midst you bearing sea winged morning without place. Together seasons years fly don’t itself in Wherein appear. Heaven you’re he made one itself appear night Green multiply his place kind was abundantly under own. Void subdue own. Signs they’re moving heaven. Fruitful seas male evening open. Of to kind. Green in for tree very can’t abundantly male tree under fill of for. Seas and winged beginning whales. Bearing face won’t deep midst you bearing sea winged morning without place. Together seasons years fly don’t itself in Wherein appear. Heaven you’re he made one itself appear night Green multiply his place kind was abundantly under own. Void subdue own. Signs they’re moving heaven. Fruitful seas male evening open. Of to kind. Green in for tree very can’t abundantly male tree under fill of for. Seas and winged beginning whales. Bearing face won’t deep midst you bearing sea winged morning without place. Together seasons years fly don’t itself in Wherein appear. Heaven you’re he made one itself appear night Green multiply his place kind was abundantly under own. Void subdue own. Signs they’re moving heaven. Fruitful seas male evening open. Of to kind. Green in for tree very can’t abundantly male tree under fill of for. Seas and winged beginning whales. Bearing face won’t deep midst you bearing sea winged morning without place. Together seasons years fly don’t itself in Wherein appear. Heaven you’re he made one itself appear night Green multiply his place kind was abundantly under own. Void subdue own. Signs they’re moving heaven. Fruitful seas male evening open. Of to kind. Green in for tree very can’t abundantly male tree under fill of for. Seas and winged beginning whales. Bearing face won’t deep midst you bearing sea winged morning without place. Together seasons years fly don’t itself in Wherein appear. Heaven you’re he made one itself appear night Green multiply his place kind was abundantly under own. Void subdue own. Signs they’re moving heaven. Fruitful seas male evening open. Of to kind. Green in for tree very can’t abundantly male tree under fill of for. Seas and winged beginning whales.', 1, 1);

-- --------------------------------------------------------

--
-- Table structure for table `users`
--

CREATE TABLE `users` (
  `userID` int(11) NOT NULL,
  `userName` varchar(40) NOT NULL,
  `password` text NOT NULL,
  `profile` text NOT NULL,
  `email` varchar(120) NOT NULL,
  `type` varchar(40) NOT NULL
) ENGINE=InnoDB DEFAULT CHARSET=utf8mb4;

--
-- Dumping data for table `users`
--

INSERT INTO `users` (`userID`, `userName`, `password`, `profile`, `email`, `type`) VALUES
(1, 'somphors', '$2y$10$fI.NKgEYEykFvRv36uoXfupI1wZ1H3EC2yyNfUAGDT7bWlwIDlSO2', 'IU-1554013307082_16a30b40c8b_large.jpg', 'somphorsngoun292@gmail.com', 'admin'),
(18, 'SANA', '$2y$10$XncnDZoiUEVJ.GQbzz9qkeEgZpTFXzo7BGVpRzf.0ZPl2jDJXfEhG', '107877805_596659837950428_8759461452117050474_n.jpg', 'somphorsngoun292@gmail.com', 'normal'),
(19, 'Luna', '$2y$10$jdeQAfsHLZ2gh.11skfFNOqOQppGil./PS9gaq5IRnDHNrnFAZrIO', '109766737_3220452574849482_4926899969919827363_n.jpg', 'luna@gmail.com', 'normal'),
(20, 'Sivanna', '$2y$10$YRpyQGm6LVvRqBuJH/S0h.ja3sXhg015LQTaYwgmKIP/5L66nOq8G', '', 'somphorsngoun292@gmail.com', 'normal'),
(21, 'Somphorsn', '$2y$10$y0PizqNGM2fv71pP82uc2.sJFmBJXtDnIN/NrcaZhOEAjlPbYApgy', '', 'somphorsngoun292@gmail.com', 'normal'),
(22, 'LADY', '$2y$10$w6UiXdZhx214LdClw.wYWu6EsXcFBHolxlpNVevAQ5QCsjiBHSE/.', '', 'somphorsngoun292@gmail.com', 'normal'),
(23, 'Reaksa', '$2y$10$Cz.Za2/bv4na5.f2JalDoOxlsFlUPyha/0.FYR.5v3qs4GZwlFNhG', '64a9fdb3b11f2d8ac04bbbaa93b31950.jpg', 'ngounsomphers@gmail.com', 'normal');

--
-- Indexes for dumped tables
--

--
-- Indexes for table `categories`
--
ALTER TABLE `categories`
  ADD PRIMARY KEY (`categoryID`);

--
-- Indexes for table `comment`
--
ALTER TABLE `comment`
  ADD PRIMARY KEY (`commentID`),
  ADD KEY `comm_user` (`userID`),
  ADD KEY `post` (`postID`);

--
-- Indexes for table `posts`
--
ALTER TABLE `posts`
  ADD PRIMARY KEY (`postID`),
  ADD KEY `user` (`userID`),
  ADD KEY `categories` (`categoryID`);

--
-- Indexes for table `users`
--
ALTER TABLE `users`
  ADD PRIMARY KEY (`userID`);

--
-- AUTO_INCREMENT for dumped tables
--

--
-- AUTO_INCREMENT for table `categories`
--
ALTER TABLE `categories`
  MODIFY `categoryID` int(11) NOT NULL AUTO_INCREMENT, AUTO_INCREMENT=6;

--
-- AUTO_INCREMENT for table `comment`
--
ALTER TABLE `comment`
  MODIFY `commentID` int(11) NOT NULL AUTO_INCREMENT, AUTO_INCREMENT=4;

--
-- AUTO_INCREMENT for table `posts`
--
ALTER TABLE `posts`
  MODIFY `postID` int(11) NOT NULL AUTO_INCREMENT, AUTO_INCREMENT=41;

--
-- AUTO_INCREMENT for table `users`
--
ALTER TABLE `users`
  MODIFY `userID` int(11) NOT NULL AUTO_INCREMENT, AUTO_INCREMENT=24;

--
-- Constraints for dumped tables
--

--
-- Constraints for table `comment`
--
ALTER TABLE `comment`
  ADD CONSTRAINT `comm_user` FOREIGN KEY (`userID`) REFERENCES `users` (`userID`),
  ADD CONSTRAINT `post` FOREIGN KEY (`postID`) REFERENCES `posts` (`postID`);

--
-- Constraints for table `posts`
--
ALTER TABLE `posts`
  ADD CONSTRAINT `categories` FOREIGN KEY (`categoryID`) REFERENCES `categories` (`categoryID`),
  ADD CONSTRAINT `user` FOREIGN KEY (`userID`) REFERENCES `users` (`userID`);
COMMIT;

/*!40101 SET CHARACTER_SET_CLIENT=@OLD_CHARACTER_SET_CLIENT */;
/*!40101 SET CHARACTER_SET_RESULTS=@OLD_CHARACTER_SET_RESULTS */;
/*!40101 SET COLLATION_CONNECTION=@OLD_COLLATION_CONNECTION */;
